log_q_id, qid, log_q_ts, uid, gid, vid, cid, dqid, parent_dqid, q_detail, ae_seq_id, q_s_id, g_s_id, tid, cd_id, quest_seqid, qaction_seqid, session_seqid, sessionid, client_ts, foreign_game_id, multiplayer_seqid, quest_hash
4623, 1, 1653340874, 321CDC91-E981-D96B-C81E-9980CD9C877F, 202207, 1, 2, 159EA0C7-DAD7-A638-DE39-AA7962413AD8, NULL, NULL, NULL, 1, 1, 1, 0, 1, 1, 4, 93B3CC22-3F0A-C075-1C7E-E007FE0AAC62, 1653340873902, 0, 0, NULL
4624, 1, 1653340887, 321CDC91-E981-D96B-C81E-9980CD9C877F, 202207, 1, 2, 159EA0C7-DAD7-A638-DE39-AA7962413AD8, NULL, {"won":false}, NULL, 0, 1, 1, 0, 0, 2, 6, 93B3CC22-3F0A-C075-1C7E-E007FE0AAC62, 1653340886846, 0, 0, NULL
4625, 1, 1653340890, 321CDC91-E981-D96B-C81E-9980CD9C877F, 202207, 1, 2, 3D0A0234-FDA6-F343-9C39-B31A06984F35, NULL, NULL, NULL, 1, 1, 1, 0, 2, 1, 8, 93B3CC22-3F0A-C075-1C7E-E007FE0AAC62, 1653340889028, 0, 0, NULL
4626, 1, 1653340891, 321CDC91-E981-D96B-C81E-9980CD9C877F, 202207, 1, 2, 3D0A0234-FDA6-F343-9C39-B31A06984F35, NULL, {"won":false}, NULL, 0, 1, 1, 0, 0, 2, 10, 93B3CC22-3F0A-C075-1C7E-E007FE0AAC62, 1653340891429, 0, 0, NULL
4627, 2, 1653340893, 321CDC91-E981-D96B-C81E-9980CD9C877F, 202207, 1, 2, 9608D042-5663-6F32-2636-5D71D4767718, NULL, NULL, NULL, 1, 1, 1, 0, 3, 1, 12, 93B3CC22-3F0A-C075-1C7E-E007FE0AAC62, 1653340893596, 0, 0, NULL
4628, 2, 1653340990, 321CDC91-E981-D96B-C81E-9980CD9C877F, 202207, 1, 2, 9608D042-5663-6F32-2636-5D71D4767718, NULL, {"won":true}, NULL, 0, 1, 1, 0, 0, 108, 119, 93B3CC22-3F0A-C075-1C7E-E007FE0AAC62, 1653340990300, 0, 0, NULL
4629, 2, 1653341014, 321CDC91-E981-D96B-C81E-9980CD9C877F, 202207, 1, 2, NULL, NULL, {"won":false}, NULL, 0, 1, 1, 0, 0, 109, 121, 93B3CC22-3F0A-C075-1C7E-E007FE0AAC62, 1653341014197, 0, 0, NULL
4630, 1, 1653341015, 321CDC91-E981-D96B-C81E-9980CD9C877F, 202207, 1, 2, E96EC449-78D1-4E3D-C2C5-B827B2F00D5B, NULL, NULL, NULL, 1, 1, 1, 0, 4, 1, 123, 93B3CC22-3F0A-C075-1C7E-E007FE0AAC62, 1653341015164, 0, 0, NULL
4631, 1, 1653341518, 670B5C08-8B5D-48E3-BEAC-892F6C0CC8B0, 202207, 1, 2, 89500BFD-8A23-7668-8844-B7341A52B404, NULL, NULL, NULL, 1, 1, 1, 0, 1, 1, 4, 0A472081-126A-0282-83B4-BEB4C07B9D28, 1653341517867, 0, 0, NULL
4632, 1, 1653341611, 670B5C08-8B5D-48E3-BEAC-892F6C0CC8B0, 202207, 1, 2, 89500BFD-8A23-7668-8844-B7341A52B404, NULL, {"won":true}, NULL, 0, 1, 1, 0, 0, 96, 99, 0A472081-126A-0282-83B4-BEB4C07B9D28, 1653341611148, 0, 0, NULL
4633, 1, 1653341677, 670B5C08-8B5D-48E3-BEAC-892F6C0CC8B0, 202207, 1, 2, NULL, NULL, {"won":true}, NULL, 0, 1, 1, 0, 0, 185, 188, 0A472081-126A-0282-83B4-BEB4C07B9D28, 1653341677047, 0, 0, NULL
4634, 1, 1653342509, 321CDC91-E981-D96B-C81E-9980CD9C877F, 202207, 1, 2, 26A8F5CD-3652-3D91-EEED-0B65F0573E95, NULL, NULL, NULL, 1, 1, 1, 0, 1, 1, 87, BF5D80B5-9E87-F70D-2313-F7635A7A12A7, 1653342509243, 0, 0, NULL
4635, 1, 1653342537, 321CDC91-E981-D96B-C81E-9980CD9C877F, 202207, 1, 2, 26A8F5CD-3652-3D91-EEED-0B65F0573E95, NULL, {"won":false}, NULL, 0, 1, 1, 0, 0, 2, 89, BF5D80B5-9E87-F70D-2313-F7635A7A12A7, 1653342537103, 0, 0, NULL
4636, 1, 1653342541, 321CDC91-E981-D96B-C81E-9980CD9C877F, 202207, 1, 2, DD02F532-AADC-D49A-EE39-1C89766ACED4, NULL, NULL, NULL, 1, 1, 1, 0, 2, 1, 91, BF5D80B5-9E87-F70D-2313-F7635A7A12A7, 1653342540640, 0, 0, NULL
4637, 1, 1653343106, 4CC83D75-13A5-469A-FD39-EC84533A10BE, 202207, 1, 2, 5063C8A7-C1A8-730D-EC1B-57325EC2F801, NULL, NULL, NULL, 1, 1, 1, 0, 1, 1, 200, 14740B6B-27F4-4845-AB9A-11932F3A09E2, 1653343104932, 0, 0, NULL
4638, 1, 1653343322, 4CC83D75-13A5-469A-FD39-EC84533A10BE, 202207, 1, 2, 288355D5-3461-3797-FB4E-024B21BC1E7D, NULL, NULL, NULL, 1, 1, 1, 0, 2, 1, 204, 14740B6B-27F4-4845-AB9A-11932F3A09E2, 1653343321208, 0, 0, NULL
4639, 1, 1653343478, 4CC83D75-13A5-469A-FD39-EC84533A10BE, 202207, 1, 2, 288355D5-3461-3797-FB4E-024B21BC1E7D, NULL, {"won":true}, NULL, 0, 1, 1, 0, 0, 115, 318, 14740B6B-27F4-4845-AB9A-11932F3A09E2, 1653343476604, 0, 0, NULL
4640, 1, 1653343804, 4CC83D75-13A5-469A-FD39-EC84533A10BE, 202207, 1, 2, NULL, NULL, {"won":false}, NULL, 0, 1, 1, 0, 0, 149, 353, 14740B6B-27F4-4845-AB9A-11932F3A09E2, 1653343802332, 0, 0, NULL
4641, 1, 1653343806, 4CC83D75-13A5-469A-FD39-EC84533A10BE, 202207, 1, 2, 883D8FCC-BE64-4A87-C5FF-995EB6F3C3F5, NULL, NULL, NULL, 1, 1, 1, 0, 3, 1, 355, 14740B6B-27F4-4845-AB9A-11932F3A09E2, 1653343805323, 0, 0, NULL
4642, 1, 1653344727, 8EC070F8-3E54-E2D9-7216-6BEE333BBDD2, 202207, 1, 2, AC6A3462-3AFE-FFA1-9000-869D939E1F78, NULL, NULL, NULL, 1, 1, 1, 0, 1, 1, 4, A341A352-20EE-D5E4-73FF-0A88B4AA7CAF, 1653344727402, 0, 0, NULL
4643, 3, 1653344913, ACC89A7B-2E91-D85C-C9FA-37AE8ACE1670, 202207, 1, 2, BB03342F-F8C6-AA4F-9958-28965540C70E, NULL, NULL, NULL, 1, 1, 1, 0, 1, 1, 287, 8EBFF18D-BE10-3715-A56B-170F18828207, 1653344912373, 0, 0, NULL
4644, 3, 1653344914, ACC89A7B-2E91-D85C-C9FA-37AE8ACE1670, 202207, 1, 2, BB03342F-F8C6-AA4F-9958-28965540C70E, NULL, {"won":false}, NULL, 0, 1, 1, 0, 0, 2, 289, 8EBFF18D-BE10-3715-A56B-170F18828207, 1653344913633, 0, 0, NULL
4645, 1, 1653344916, ACC89A7B-2E91-D85C-C9FA-37AE8ACE1670, 202207, 1, 2, AE1F2C11-9F3D-2569-8283-FF0E7B33D592, NULL, NULL, NULL, 1, 1, 1, 0, 2, 1, 291, 8EBFF18D-BE10-3715-A56B-170F18828207, 1653344915538, 0, 0, NULL
4646, 1, 1653344922, ACC89A7B-2E91-D85C-C9FA-37AE8ACE1670, 202207, 1, 2, AE1F2C11-9F3D-2569-8283-FF0E7B33D592, NULL, {"won":false}, NULL, 0, 1, 1, 0, 0, 3, 294, 8EBFF18D-BE10-3715-A56B-170F18828207, 1653344921922, 0, 0, NULL
4647, 2, 1653344924, ACC89A7B-2E91-D85C-C9FA-37AE8ACE1670, 202207, 1, 2, 4E9F12E1-E9A0-CFBB-2168-DC2D66D55640, NULL, NULL, NULL, 1, 1, 1, 0, 3, 1, 296, 8EBFF18D-BE10-3715-A56B-170F18828207, 1653344923763, 0, 0, NULL
4649, 2, 1653345122, ACC89A7B-2E91-D85C-C9FA-37AE8ACE1670, 202207, 1, 2, 4E9F12E1-E9A0-CFBB-2168-DC2D66D55640, NULL, {"won":true}, NULL, 0, 1, 1, 0, 0, 124, 419, 8EBFF18D-BE10-3715-A56B-170F18828207, 1653345121359, 0, 0, NULL
4650, 2, 1653345137, ACC89A7B-2E91-D85C-C9FA-37AE8ACE1670, 202207, 1, 2, NULL, NULL, {"won":false}, NULL, 0, 1, 1, 0, 0, 125, 421, 8EBFF18D-BE10-3715-A56B-170F18828207, 1653345136976, 0, 0, NULL
4651, 1, 1653345138, ACC89A7B-2E91-D85C-C9FA-37AE8ACE1670, 202207, 1, 2, 6A61EBC6-2C5A-AF7E-0526-28990922CD82, NULL, NULL, NULL, 1, 1, 1, 0, 4, 1, 423, 8EBFF18D-BE10-3715-A56B-170F18828207, 1653345137922, 0, 0, NULL
4652, 1, 1653345144, ACC89A7B-2E91-D85C-C9FA-37AE8ACE1670, 202207, 1, 2, 6A61EBC6-2C5A-AF7E-0526-28990922CD82, NULL, {"won":false}, NULL, 0, 1, 1, 0, 0, 3, 426, 8EBFF18D-BE10-3715-A56B-170F18828207, 1653345144027, 0, 0, NULL
4661, 1, 1653346824, 27B8F863-01B9-435A-DCD0-6888F690B6FB, 202207, 1, 2, 42CED994-CD1A-AF03-4B04-C7C3462F6D77, NULL, NULL, NULL, 1, 1, 1, 0, 1, 1, 71, 3010BED0-0C84-0208-F4F8-853EC6146CDE, 1653346824740, 0, 0, NULL
4662, 1, 1653346932, 27B8F863-01B9-435A-DCD0-6888F690B6FB, 202207, 1, 2, 42CED994-CD1A-AF03-4B04-C7C3462F6D77, NULL, {"won":true}, NULL, 0, 1, 1, 0, 0, 133, 203, 3010BED0-0C84-0208-F4F8-853EC6146CDE, 1653346931653, 0, 0, NULL
4663, 1, 1653347027, 27B8F863-01B9-435A-DCD0-6888F690B6FB, 202207, 1, 2, NULL, NULL, {"won":false}, NULL, 0, 1, 1, 0, 0, 267, 337, 3010BED0-0C84-0208-F4F8-853EC6146CDE, 1653347026927, 0, 0, NULL
4664, 1, 1653347092, 27B8F863-01B9-435A-DCD0-6888F690B6FB, 202207, 1, 2, NULL, NULL, {"won":false}, NULL, 0, 1, 1, 0, 0, 355, 425, 3010BED0-0C84-0208-F4F8-853EC6146CDE, 1653347091796, 0, 0, NULL
4665, 1, 1653347300, 89DB02E5-9D2B-447F-0843-C443314BC8A7, 202207, 1, 2, 7F80EAA0-9617-4C36-D8B9-ED12E219738D, NULL, NULL, NULL, 1, 1, 1, 0, 1, 1, 4, 355845FE-A96D-7FD9-B835-F29EBD5B1A59, 1653347300531, 0, 0, NULL
4666, 1, 1653347518, 27B8F863-01B9-435A-DCD0-6888F690B6FB, 202207, 1, 2, 4E381F7F-B4BE-9337-021C-5CCC859994D3, NULL, NULL, NULL, 1, 1, 1, 0, 1, 1, 272, 9126AD1B-971C-C3AF-4E2C-F1C3DEA4EBD4, 1653347518262, 0, 0, NULL
4667, 1, 1653347521, 27B8F863-01B9-435A-DCD0-6888F690B6FB, 202207, 1, 2, 4E381F7F-B4BE-9337-021C-5CCC859994D3, NULL, {"won":false}, NULL, 0, 1, 1, 0, 0, 4, 276, 9126AD1B-971C-C3AF-4E2C-F1C3DEA4EBD4, 1653347520822, 0, 0, NULL
4668, 2, 1653347523, 27B8F863-01B9-435A-DCD0-6888F690B6FB, 202207, 1, 2, 444373FB-09EA-E1EC-9B16-B447B0046DAB, NULL, NULL, NULL, 1, 1, 1, 0, 2, 1, 278, 9126AD1B-971C-C3AF-4E2C-F1C3DEA4EBD4, 1653347523358, 0, 0, NULL
4669, 2, 1653347563, 27B8F863-01B9-435A-DCD0-6888F690B6FB, 202207, 1, 2, 444373FB-09EA-E1EC-9B16-B447B0046DAB, NULL, {"won":true}, NULL, 0, 1, 1, 0, 0, 54, 331, 9126AD1B-971C-C3AF-4E2C-F1C3DEA4EBD4, 1653347563075, 0, 0, NULL
4670, 2, 1653347575, 27B8F863-01B9-435A-DCD0-6888F690B6FB, 202207, 1, 2, NULL, NULL, {"won":false}, NULL, 0, 1, 1, 0, 0, 55, 333, 9126AD1B-971C-C3AF-4E2C-F1C3DEA4EBD4, 1653347575561, 0, 0, NULL
4671, 2, 1653347577, 27B8F863-01B9-435A-DCD0-6888F690B6FB, 202207, 1, 2, 7D1A1F9D-A050-8BAB-F46C-6C5FEE5B4953, NULL, NULL, NULL, 1, 1, 1, 0, 3, 1, 335, 9126AD1B-971C-C3AF-4E2C-F1C3DEA4EBD4, 1653347577508, 0, 0, NULL
4672, 2, 1653347745, 27B8F863-01B9-435A-DCD0-6888F690B6FB, 202207, 1, 2, 7D1A1F9D-A050-8BAB-F46C-6C5FEE5B4953, NULL, {"won":true}, NULL, 0, 1, 1, 0, 0, 116, 450, 9126AD1B-971C-C3AF-4E2C-F1C3DEA4EBD4, 1653347744857, 0, 0, NULL
4673, 2, 1653347760, 27B8F863-01B9-435A-DCD0-6888F690B6FB, 202207, 1, 2, NULL, NULL, {"won":false}, NULL, 0, 1, 1, 0, 0, 117, 452, 9126AD1B-971C-C3AF-4E2C-F1C3DEA4EBD4, 1653347760136, 0, 0, NULL
4674, 1, 1653347849, E0E40695-B927-7E6C-453F-BED0BD053637, 202207, 1, 2, 3E51706E-3065-E7C4-0EE1-9F086397A573, NULL, NULL, NULL, 1, 1, 1, 0, 1, 1, 241, BC4C6E74-9AAE-0977-73D2-F37E9505594C, 1653347848881, 0, 0, NULL
4675, 1, 1653347854, E0E40695-B927-7E6C-453F-BED0BD053637, 202207, 1, 2, 3E51706E-3065-E7C4-0EE1-9F086397A573, NULL, {"won":false}, NULL, 0, 1, 1, 0, 0, 2, 243, BC4C6E74-9AAE-0977-73D2-F37E9505594C, 1653347853676, 0, 0, NULL
4676, 2, 1653347857, E0E40695-B927-7E6C-453F-BED0BD053637, 202207, 1, 2, 24E6CE0A-5276-D8AE-8D10-9142ECFFDFC2, NULL, NULL, NULL, 1, 1, 1, 0, 2, 1, 245, BC4C6E74-9AAE-0977-73D2-F37E9505594C, 1653347856077, 0, 0, NULL
4677, 2, 1653348447, E0E40695-B927-7E6C-453F-BED0BD053637, 202207, 1, 2, 24E6CE0A-5276-D8AE-8D10-9142ECFFDFC2, NULL, {"won":true}, NULL, 0, 1, 1, 0, 0, 145, 389, BC4C6E74-9AAE-0977-73D2-F37E9505594C, 1653348445917, 0, 0, NULL
4678, 2, 1653348453, E0E40695-B927-7E6C-453F-BED0BD053637, 202207, 1, 2, NULL, NULL, {"won":false}, NULL, 0, 1, 1, 0, 0, 146, 391, BC4C6E74-9AAE-0977-73D2-F37E9505594C, 1653348452669, 0, 0, NULL
4679, 1, 1653348455, E0E40695-B927-7E6C-453F-BED0BD053637, 202207, 1, 2, A1CE6E22-3A07-3F9D-F494-2CFD00B44E3A, NULL, NULL, NULL, 1, 1, 1, 0, 3, 1, 393, BC4C6E74-9AAE-0977-73D2-F37E9505594C, 1653348454258, 0, 0, NULL
4680, 1, 1653348459, E0E40695-B927-7E6C-453F-BED0BD053637, 202207, 1, 2, A1CE6E22-3A07-3F9D-F494-2CFD00B44E3A, NULL, {"won":false}, NULL, 0, 1, 1, 0, 0, 3, 396, BC4C6E74-9AAE-0977-73D2-F37E9505594C, 1653348458829, 0, 0, NULL
4681, 2, 1653348461, E0E40695-B927-7E6C-453F-BED0BD053637, 202207, 1, 2, D97F48DE-36F1-28B1-AA92-3264DD45EC69, NULL, NULL, NULL, 1, 1, 1, 0, 4, 1, 398, BC4C6E74-9AAE-0977-73D2-F37E9505594C, 1653348460848, 0, 0, NULL
4682, 2, 1653348525, FB619723-DD6A-6CFE-12B6-4ACDEFEB1EA4, 202207, 1, 2, 96EEF45A-0386-4CDB-9DD7-2C2BCEA4FCFA, NULL, NULL, NULL, 1, 1, 1, 0, 1, 1, 4, AE251F0E-A086-5C1B-8F43-AF899B11CE27, 1653348524870, 0, 0, NULL
4683, 2, 1653348623, FB619723-DD6A-6CFE-12B6-4ACDEFEB1EA4, 202207, 1, 2, 96EEF45A-0386-4CDB-9DD7-2C2BCEA4FCFA, NULL, {"won":true}, NULL, 0, 1, 1, 0, 0, 77, 80, AE251F0E-A086-5C1B-8F43-AF899B11CE27, 1653348622212, 0, 0, NULL
4684, 2, 1653348726, E0E40695-B927-7E6C-453F-BED0BD053637, 202207, 1, 2, D97F48DE-36F1-28B1-AA92-3264DD45EC69, NULL, {"won":true}, NULL, 0, 1, 1, 0, 0, 103, 500, BC4C6E74-9AAE-0977-73D2-F37E9505594C, 1653348724789, 0, 0, NULL
4685, 2, 1653348739, E0E40695-B927-7E6C-453F-BED0BD053637, 202207, 1, 2, NULL, NULL, {"won":false}, NULL, 0, 1, 1, 0, 0, 104, 502, BC4C6E74-9AAE-0977-73D2-F37E9505594C, 1653348738757, 0, 0, NULL
4686, 1, 1653348741, E0E40695-B927-7E6C-453F-BED0BD053637, 202207, 1, 2, A3F85487-2C71-99C5-53AE-F6CDED091289, NULL, NULL, NULL, 1, 1, 1, 0, 5, 1, 504, BC4C6E74-9AAE-0977-73D2-F37E9505594C, 1653348740553, 0, 0, NULL
4687, 1, 1653348745, E0E40695-B927-7E6C-453F-BED0BD053637, 202207, 1, 2, A3F85487-2C71-99C5-53AE-F6CDED091289, NULL, {"won":false}, NULL, 0, 1, 1, 0, 0, 2, 506, BC4C6E74-9AAE-0977-73D2-F37E9505594C, 1653348744080, 0, 0, NULL
4688, 2, 1653348746, E0E40695-B927-7E6C-453F-BED0BD053637, 202207, 1, 2, 0FA7F246-4852-F048-CF36-35D7A24CACF2, NULL, NULL, NULL, 1, 1, 1, 0, 6, 1, 508, BC4C6E74-9AAE-0977-73D2-F37E9505594C, 1653348745839, 0, 0, NULL
4689, 2, 1653348941, E0E40695-B927-7E6C-453F-BED0BD053637, 202207, 1, 2, 0FA7F246-4852-F048-CF36-35D7A24CACF2, NULL, {"won":true}, NULL, 0, 1, 1, 0, 0, 96, 603, BC4C6E74-9AAE-0977-73D2-F37E9505594C, 1653348940687, 0, 0, NULL
4690, 2, 1653348973, E0E40695-B927-7E6C-453F-BED0BD053637, 202207, 1, 2, NULL, NULL, {"won":false}, NULL, 0, 1, 1, 0, 0, 97, 605, BC4C6E74-9AAE-0977-73D2-F37E9505594C, 1653348972642, 0, 0, NULL
4691, 3, 1653348977, E0E40695-B927-7E6C-453F-BED0BD053637, 202207, 1, 2, E9BF6CAC-77B3-91B2-1DED-9ED1875C04DB, NULL, NULL, NULL, 1, 1, 1, 0, 7, 1, 607, BC4C6E74-9AAE-0977-73D2-F37E9505594C, 1653348976517, 0, 0, NULL
4692, 3, 1653348981, E0E40695-B927-7E6C-453F-BED0BD053637, 202207, 1, 2, E9BF6CAC-77B3-91B2-1DED-9ED1875C04DB, NULL, {"won":false}, NULL, 0, 1, 1, 0, 0, 2, 609, BC4C6E74-9AAE-0977-73D2-F37E9505594C, 1653348980135, 0, 0, NULL
4693, 1, 1653348982, E0E40695-B927-7E6C-453F-BED0BD053637, 202207, 1, 2, 83B1C518-9178-6441-1868-C9675EBA69B0, NULL, NULL, NULL, 1, 1, 1, 0, 8, 1, 611, BC4C6E74-9AAE-0977-73D2-F37E9505594C, 1653348981294, 0, 0, NULL
4694, 2, 1653350629, C20EBF01-C226-51AF-ABBB-E1038B576EC9, 202207, 1, 2, 37F4E97C-35A0-65C7-7A47-FA7FDC3BDF8B, NULL, NULL, NULL, 1, 1, 1, 0, 1, 1, 4, 11B5FDF7-E664-D11A-40D8-11CE7A19AD61, 1653350629092, 0, 0, NULL
4695, 2, 1653350713, C20EBF01-C226-51AF-ABBB-E1038B576EC9, 202207, 1, 2, 37F4E97C-35A0-65C7-7A47-FA7FDC3BDF8B, NULL, {"won":true}, NULL, 0, 1, 1, 0, 0, 103, 106, 11B5FDF7-E664-D11A-40D8-11CE7A19AD61, 1653350712420, 0, 0, NULL
4696, 2, 1653350718, C20EBF01-C226-51AF-ABBB-E1038B576EC9, 202207, 1, 2, NULL, NULL, {"won":false}, NULL, 0, 1, 1, 0, 0, 104, 108, 11B5FDF7-E664-D11A-40D8-11CE7A19AD61, 1653350717552, 0, 0, NULL
4697, 3, 1653350722, C20EBF01-C226-51AF-ABBB-E1038B576EC9, 202207, 1, 2, 3DCAD0BF-4C80-C948-754B-B25C77A61863, NULL, NULL, NULL, 1, 1, 1, 0, 2, 1, 110, 11B5FDF7-E664-D11A-40D8-11CE7A19AD61, 1653350721942, 0, 0, NULL
4698, 3, 1653350727, C20EBF01-C226-51AF-ABBB-E1038B576EC9, 202207, 1, 2, 3DCAD0BF-4C80-C948-754B-B25C77A61863, NULL, {"won":false}, NULL, 0, 1, 1, 0, 0, 2, 112, 11B5FDF7-E664-D11A-40D8-11CE7A19AD61, 1653350727176, 0, 0, NULL
4699, 1, 1653350729, C20EBF01-C226-51AF-ABBB-E1038B576EC9, 202207, 1, 2, EA505BA5-C9C5-85D0-9A6F-3D906D9A2FA3, NULL, NULL, NULL, 1, 1, 1, 0, 3, 1, 114, 11B5FDF7-E664-D11A-40D8-11CE7A19AD61, 1653350728550, 0, 0, NULL
4700, 1, 1653350900, E0E40695-B927-7E6C-453F-BED0BD053637, 202207, 1, 2, 83B1C518-9178-6441-1868-C9675EBA69B0, NULL, {"won":false}, NULL, 0, 1, 1, 0, 0, 2, 613, BC4C6E74-9AAE-0977-73D2-F37E9505594C, 1653350899493, 0, 0, NULL
4701, 2, 1653350904, E0E40695-B927-7E6C-453F-BED0BD053637, 202207, 1, 2, D0227733-70EE-E719-7E0F-0A463E1B69C4, NULL, NULL, NULL, 1, 1, 1, 0, 9, 1, 615, BC4C6E74-9AAE-0977-73D2-F37E9505594C, 1653350903744, 0, 0, NULL
4702, 1, 1653351535, B946F118-ED3A-6369-5D11-6F69F0AFD2DC, 202207, 1, 2, 32E8EA91-8514-0C32-A1BC-65773FD9905B, NULL, NULL, NULL, 1, 1, 1, 0, 1, 1, 4, B0D3B482-6C1B-D51F-24AE-9DE7E94CEA7B, 1653351534301, 0, 0, NULL
4703, 1, 1653351539, B946F118-ED3A-6369-5D11-6F69F0AFD2DC, 202207, 1, 2, 32E8EA91-8514-0C32-A1BC-65773FD9905B, NULL, {"won":false}, NULL, 0, 1, 1, 0, 0, 2, 6, B0D3B482-6C1B-D51F-24AE-9DE7E94CEA7B, 1653351538561, 0, 0, NULL
4704, 1, 1653351541, B946F118-ED3A-6369-5D11-6F69F0AFD2DC, 202207, 1, 2, 9E3D18DE-4660-9743-E51C-ACB742CF1360, NULL, NULL, NULL, 1, 1, 1, 0, 2, 1, 8, B0D3B482-6C1B-D51F-24AE-9DE7E94CEA7B, 1653351540631, 0, 0, NULL
4705, 1, 1653351608, B946F118-ED3A-6369-5D11-6F69F0AFD2DC, 202207, 1, 2, 9E3D18DE-4660-9743-E51C-ACB742CF1360, NULL, {"won":true}, NULL, 0, 1, 1, 0, 0, 73, 80, B0D3B482-6C1B-D51F-24AE-9DE7E94CEA7B, 1653351607101, 0, 0, NULL
4706, 1, 1653351665, B946F118-ED3A-6369-5D11-6F69F0AFD2DC, 202207, 1, 2, NULL, NULL, {"won":true}, NULL, 0, 1, 1, 0, 0, 169, 176, B0D3B482-6C1B-D51F-24AE-9DE7E94CEA7B, 1653351664578, 0, 0, NULL
4707, 2, 1653351730, E0E40695-B927-7E6C-453F-BED0BD053637, 202207, 1, 2, D0227733-70EE-E719-7E0F-0A463E1B69C4, NULL, {"won":false}, NULL, 0, 1, 1, 0, 0, 45, 660, BC4C6E74-9AAE-0977-73D2-F37E9505594C, 1653351729123, 0, 0, NULL
4708, 1, 1653351885, 9429EF04-5580-8569-64F7-586CDE4332BE, 202207, 1, 2, F35E9A21-7982-918C-06F8-63B5BF86955D, NULL, NULL, NULL, 1, 1, 1, 0, 1, 1, 220, 756227CE-0F87-202A-EA4B-40CC07E69D50, 1653351885258, 0, 0, NULL
4709, 1, 1653352007, 9429EF04-5580-8569-64F7-586CDE4332BE, 202207, 1, 2, F35E9A21-7982-918C-06F8-63B5BF86955D, NULL, {"won":true}, NULL, 0, 1, 1, 0, 0, 77, 296, 756227CE-0F87-202A-EA4B-40CC07E69D50, 1653352006900, 0, 0, NULL
4710, 1, 1653352084, 9429EF04-5580-8569-64F7-586CDE4332BE, 202207, 1, 2, NULL, NULL, {"won":true}, NULL, 0, 1, 1, 0, 0, 135, 354, 756227CE-0F87-202A-EA4B-40CC07E69D50, 1653352084348, 0, 0, NULL
4711, 1, 1653352916, F0AEE323-4D70-580E-0F55-CFF300D257F7, 202207, 1, 2, 039F2DC8-1FF8-8DEF-BC91-071F711FE208, NULL, NULL, NULL, 1, 1, 1, 0, 1, 1, 228, E1950481-CED7-A7D5-FE22-D11C82793A02, 1653352912821, 0, 0, NULL
4712, 1, 1653352929, F0AEE323-4D70-580E-0F55-CFF300D257F7, 202207, 1, 2, 039F2DC8-1FF8-8DEF-BC91-071F711FE208, NULL, {"won":false}, NULL, 0, 1, 1, 0, 0, 3, 231, E1950481-CED7-A7D5-FE22-D11C82793A02, 1653352925635, 0, 0, NULL
4713, 1, 1653352932, F0AEE323-4D70-580E-0F55-CFF300D257F7, 202207, 1, 2, B813B768-48DC-12E8-F753-E21155576BBE, NULL, NULL, NULL, 1, 1, 1, 0, 2, 1, 233, E1950481-CED7-A7D5-FE22-D11C82793A02, 1653352928449, 0, 0, NULL
4714, 1, 1653353142, F0AEE323-4D70-580E-0F55-CFF300D257F7, 202207, 1, 2, B813B768-48DC-12E8-F753-E21155576BBE, NULL, {"won":true}, NULL, 0, 1, 1, 0, 0, 151, 383, E1950481-CED7-A7D5-FE22-D11C82793A02, 1653353138413, 0, 0, NULL
4715, 1, 1653353236, F0AEE323-4D70-580E-0F55-CFF300D257F7, 202207, 1, 2, NULL, NULL, {"won":true}, NULL, 0, 1, 1, 0, 0, 249, 481, E1950481-CED7-A7D5-FE22-D11C82793A02, 1653353231449, 0, 0, NULL
4716, 1, 1653353283, F0AEE323-4D70-580E-0F55-CFF300D257F7, 202207, 1, 2, NULL, NULL, {"won":false}, NULL, 0, 1, 1, 0, 0, 250, 483, E1950481-CED7-A7D5-FE22-D11C82793A02, 1653353279581, 0, 0, NULL
4717, 3, 1653353286, F0AEE323-4D70-580E-0F55-CFF300D257F7, 202207, 1, 2, AE1FA429-7A14-A63B-BF84-7735EA1C0093, NULL, NULL, NULL, 1, 1, 1, 0, 3, 1, 485, E1950481-CED7-A7D5-FE22-D11C82793A02, 1653353283099, 0, 0, NULL
4787, 2, 1653537144, E67BBEED-149C-8307-6904-B59FAEB44E4F, 202207, 1, 2, 22BCF197-0A7A-B940-C237-8C16D1ABE140, NULL, NULL, NULL, 1, 1, 1, 0, 1, 1, 326, 5F731EA9-5265-A883-4A54-E19AC573FCE6, 1653537144437, 0, 0, NULL
4788, 2, 1653537184, E67BBEED-149C-8307-6904-B59FAEB44E4F, 202207, 1, 2, 22BCF197-0A7A-B940-C237-8C16D1ABE140, NULL, {"won":true}, NULL, 0, 1, 1, 0, 0, 71, 396, 5F731EA9-5265-A883-4A54-E19AC573FCE6, 1653537184709, 0, 0, NULL
4789, 2, 1653537186, E67BBEED-149C-8307-6904-B59FAEB44E4F, 202207, 1, 2, NULL, NULL, {"won":false}, NULL, 0, 1, 1, 0, 0, 72, 398, 5F731EA9-5265-A883-4A54-E19AC573FCE6, 1653537186341, 0, 0, NULL
4790, 2, 1653537188, E67BBEED-149C-8307-6904-B59FAEB44E4F, 202207, 1, 2, 56578710-C971-9E9C-0664-B3559368231E, NULL, NULL, NULL, 1, 1, 1, 0, 2, 1, 400, 5F731EA9-5265-A883-4A54-E19AC573FCE6, 1653537188797, 0, 0, NULL
4791, 2, 1653537325, E67BBEED-149C-8307-6904-B59FAEB44E4F, 202207, 1, 2, 56578710-C971-9E9C-0664-B3559368231E, NULL, {"won":true}, NULL, 0, 1, 1, 0, 0, 153, 552, 5F731EA9-5265-A883-4A54-E19AC573FCE6, 1653537325343, 0, 0, NULL
4792, 2, 1653537327, E67BBEED-149C-8307-6904-B59FAEB44E4F, 202207, 1, 2, NULL, NULL, {"won":false}, NULL, 0, 1, 1, 0, 0, 154, 554, 5F731EA9-5265-A883-4A54-E19AC573FCE6, 1653537327142, 0, 0, NULL
4793, 2, 1653537329, E67BBEED-149C-8307-6904-B59FAEB44E4F, 202207, 1, 2, 648A31EB-82AD-1ABC-7639-FF77F983ED1C, NULL, NULL, NULL, 1, 1, 1, 0, 3, 1, 556, 5F731EA9-5265-A883-4A54-E19AC573FCE6, 1653537329574, 0, 0, NULL
